<assembly xmlns="http://maven.apache.org/plugins/maven-assembly-plugin/assembly/1.1.2"
          xmlns:xsi="http://www.w3.org/2001/XMLSchema-instance"
          xsi:schemaLocation="http://maven.apache.org/plugins/maven-assembly-plugin/assembly/1.1.2 http://maven.apache.org/xsd/assembly-1.1.2.xsd">
    
    <id>theme</id>
    <formats>
        <format>jar</format>
    </formats>
    
    <includeBaseDirectory>false</includeBaseDirectory>
    
    <fileSets>
        <fileSet>
            <directory>${basedir}/src/main/webapp/resources/primefaces-manhattan-blue-grey</directory>
            <outputDirectory>/META-INF/resources/primefaces-manhattan-blue-grey</outputDirectory>
        </fileSet>
        <fileSet>
            <directory>${basedir}/src/main/webapp/resources/primefaces-manhattan-blue-orange</directory>
            <outputDirectory>/META-INF/resources/primefaces-manhattan-blue-orange</outputDirectory>
        </fileSet>
        <fileSet>
            <directory>${basedir}/src/main/webapp/resources/primefaces-manhattan-cyan-deeporange</directory>
            <outputDirectory>/META-INF/resources/primefaces-manhattan-cyan-deeporange</outputDirectory>
        </fileSet>
        <fileSet>
            <directory>${basedir}/src/main/webapp/resources/primefaces-manhattan-darkpink-cyan</directory>
            <outputDirectory>/META-INF/resources/primefaces-manhattan-darkpink-cyan</outputDirectory>
        </fileSet>
        <fileSet>
            <directory>${basedir}/src/main/webapp/resources/primefaces-manhattan-deeppurple-teal</directory>
            <outputDirectory>/META-INF/resources/primefaces-manhattan-deeppurple-teal</outputDirectory>
        </fileSet>
        <fileSet>
            <directory>${basedir}/src/main/webapp/resources/primefaces-manhattan-green-orange</directory>
            <outputDirectory>/META-INF/resources/primefaces-manhattan-green-orange</outputDirectory>
        </fileSet>
        <fileSet>
            <directory>${basedir}/src/main/webapp/resources/primefaces-manhattan-green-pink</directory>
            <outputDirectory>/META-INF/resources/primefaces-manhattan-green-pink</outputDirectory>
        </fileSet>
        <fileSet>
            <directory>${basedir}/src/main/webapp/resources/primefaces-manhattan-green-purple</directory>
            <outputDirectory>/META-INF/resources/primefaces-manhattan-green-purple</outputDirectory>
        </fileSet>
        <fileSet>
            <directory>${basedir}/src/main/webapp/resources/primefaces-manhattan-grey-blue</directory>
            <outputDirectory>/META-INF/resources/primefaces-manhattan-grey-blue</outputDirectory>
        </fileSet>
        <fileSet>
            <directory>${basedir}/src/main/webapp/resources/primefaces-manhattan-indigo-purple</directory>
            <outputDirectory>/META-INF/resources/primefaces-manhattan-indigo-purple</outputDirectory>
        </fileSet>
        <fileSet>
            <directory>${basedir}/src/main/webapp/resources/primefaces-manhattan-indigo-yellow</directory>
            <outputDirectory>/META-INF/resources/primefaces-manhattan-indigo-yellow</outputDirectory>
        </fileSet>
        <fileSet>
            <directory>${basedir}/src/main/webapp/resources/primefaces-manhattan-orange-cyan</directory>
            <outputDirectory>/META-INF/resources/primefaces-manhattan-orange-cyan</outputDirectory>
        </fileSet>
        <fileSet>
            <directory>${basedir}/src/main/webapp/resources/primefaces-manhattan-orange-indigo</directory>
            <outputDirectory>/META-INF/resources/primefaces-manhattan-orange-indigo</outputDirectory>
        </fileSet>
        <fileSet>
            <directory>${basedir}/src/main/webapp/resources/primefaces-manhattan-pink-cyan</directory>
            <outputDirectory>/META-INF/resources/primefaces-manhattan-pink-cyan</outputDirectory>
        </fileSet>
        <fileSet>
            <directory>${basedir}/src/main/webapp/resources/primefaces-manhattan-pink-teal</directory>
            <outputDirectory>/META-INF/resources/primefaces-manhattan-pink-teal</outputDirectory>
        </fileSet>
        <fileSet>
            <directory>${basedir}/src/main/webapp/resources/primefaces-manhattan-teal-yellow</directory>
            <outputDirectory>/META-INF/resources/primefaces-manhattan-teal-yellow</outputDirectory>
        </fileSet>
        <fileSet>
            <directory>${basedir}/src/main/webapp/WEB-INF</directory>
            <outputDirectory>/META-INF/</outputDirectory>
            <includes>
                <include>faces-config.xml</include>
                <include>primefaces-manhattan.taglib.xml</include>
            </includes>
        </fileSet>
        <fileSet>
            <directory>${basedir}/target/classes</directory>
            <outputDirectory>/</outputDirectory>
            <includes>
                <include>org/primefaces/manhattan/component/*</include>
            </includes>
        </fileSet>
    </fileSets>
    
</assembly>